"","gene_name","module","kME"
"1","LAPTM4B","turquoise",0.816548600429061
"2","C8orf59","turquoise",0.788297134483421
"3","RPL8","turquoise",0.776535820962472
"4","SNRPB","turquoise",0.772779264190064
"5","RPL30","turquoise",0.769344236929123
"6","LY6E","turquoise",0.766957322173401
"7","RPL7","turquoise",0.764003476219548
"8","AREG","turquoise",0.752904630017089
"9","NDUFA4","turquoise",0.750331347637319
"10","EIF3E","turquoise",0.749195825176933
"11","PRAC1","turquoise",0.746569942231353
"12","EIF3H","turquoise",0.746141551657264
"13","PSMA7","turquoise",0.742305975518478
"14","RPS4Y1","turquoise",0.734721408845258
"15","RPL5","turquoise",0.724678461426406
"16","UQCRB","turquoise",0.723874160228245
"17","EREG","turquoise",0.7202757350159
"18","COX6C","turquoise",0.718287441073777
"19","ATP5MC2","turquoise",0.717952370365266
"20","SLC25A6","turquoise",0.716104336388509
"21","LDHB","turquoise",0.712915464556777
"22","MTDH","turquoise",0.712694116427419
"23","RPL37A","turquoise",0.710948201559442
"24","RPL15","turquoise",0.706126528907254
"25","CXCL14","turquoise",0.705948703887358
"26","NACA","turquoise",0.705896200537923
"27","AGR3","turquoise",0.704598572245971
"28","RPS6","turquoise",0.703742422720116
"29","NDUFB9","turquoise",0.703631831917445
"30","MRPL15","turquoise",0.701778449011337
"31","MRPS26","turquoise",0.701285104669488
"32","NME1","turquoise",0.700208697740297
"33","PEBP1","turquoise",0.69953268815385
"34","EEF1D","turquoise",0.698976429323888
"35","RPS18","turquoise",0.69490271861741
"36","GSTM3","turquoise",0.694753775815313
"37","RPL9","turquoise",0.692516474556118
"38","LEFTY1","turquoise",0.691332592039923
"39","RPS5","turquoise",0.686473636835886
"40","RPS3","turquoise",0.683702477059753
"41","NDUFB2","turquoise",0.683221518496723
"42","RARRES2","turquoise",0.683075976182653
"43","RPL23A","turquoise",0.682766243159149
"44","RPL19","turquoise",0.680217900907572
"45","RPS14","turquoise",0.680121122968559
"46","RPS13","turquoise",0.680002639674262
"47","RPL10A","turquoise",0.679139118793348
"48","MRPL13","turquoise",0.679072035951047
"49","CYC1","turquoise",0.678191288243379
"50","C20orf27","turquoise",0.676634996519145
"51","MDK","turquoise",0.67494260896513
"52","MPC2","turquoise",0.673216311141965
"53","PRDX4","turquoise",0.671968910273381
"54","ERGIC3","turquoise",0.671641448025186
"55","PSMB1","turquoise",0.669926543403993
"56","EEF1B2","turquoise",0.669532473376178
"57","RPL35A","turquoise",0.667530888983814
"58","RPL3","turquoise",0.666086909234522
"59","MRPS33","turquoise",0.664976122411654
"60","PPP1R14B","turquoise",0.66485719614007
"61","DBI","turquoise",0.663992010117312
"62","RPS3A","turquoise",0.66375187296747
"63","ATP5MC3","turquoise",0.66321726461055
"64","MRPS23","turquoise",0.663178120459977
"65","ELOC","turquoise",0.662490139139166
"66","PRKDC","turquoise",0.660582487492657
"67","MINOS1","turquoise",0.660070324315366
"68","RPL11","turquoise",0.659390384426915
"69","SSB","turquoise",0.657550123100455
"70","UBE2V2","turquoise",0.657168876097924
"71","RPS8","turquoise",0.65701293746883
"72","RPL22","turquoise",0.656690436423262
"73","RPS4X","turquoise",0.65650436339461
"74","PSMB5","turquoise",0.655948093666813
"75","MDH2","turquoise",0.65509804068639
"76","PPA1","turquoise",0.655026906152465
"77","PTP4A3","turquoise",0.654066080160762
"78","RPN2","turquoise",0.651762338702972
"79","HOXB13","turquoise",0.651414772937322
"80","PARK7","turquoise",0.650875538425654
"81","PRDX6","turquoise",0.650130561816068
"82","DLX5","turquoise",0.649986366524416
"83","RPL23","turquoise",0.649120524035431
"84","ITPA","turquoise",0.648336913906357
"85","UQCRH","turquoise",0.647003749304405
"86","RPL41","turquoise",0.646637877721147
"87","CCT6A","turquoise",0.646598188237236
"88","RPL14","turquoise",0.646180555260409
"89","RPL7A","turquoise",0.646010122332233
"90","RPS27A","turquoise",0.644594561289696
"91","PRDX2","turquoise",0.643947304192907
"92","PAFAH1B3","turquoise",0.643945354951567
"93","CPNE3","turquoise",0.643859748538546
"94","CCT3","turquoise",0.643590426382655
"95","QPRT","turquoise",0.643553263722021
"96","PCBD1","turquoise",0.643305136668233
"97","SMIM37","turquoise",0.642370640760502
"98","TMEM230","turquoise",0.642146725313779
"99","RPS2","turquoise",0.640515120401495
"100","C19orf70","turquoise",0.640070231627637
"101","SRGN","brown",0.685754403319711
"102","PTPRC","brown",0.638478353129164
"103","CXCR4","brown",0.626800887546527
"104","VIM","brown",0.615555405673077
"105","IL7R","brown",0.597510733287402
"106","CD69","brown",0.537424839893951
"107","CD3D","brown",0.526478619212615
"108","TRBC2","brown",0.522715234457344
"109","TNFAIP3","brown",0.519463702641687
"110","CD2","brown",0.51847124327692
"111","CYTIP","brown",0.514761012522715
"112","CREM","brown",0.514312414818551
"113","CD37","brown",0.506216508206826
"114","CD3E","brown",0.504534183687877
"115","RGS1","brown",0.504497856348
"116","SLC2A3","brown",0.498734023494074
"117","SLA","brown",0.488836827034198
"118","SYTL3","brown",0.487208863352929
"119","LCP1","brown",0.485653695983711
"120","ZNF331","brown",0.483703746832935
"121","CD48","brown",0.481045376284743
"122","FYN","brown",0.4798207505647
"123","LAPTM5","brown",0.474547173489623
"124","SPOCK2","brown",0.470909205346606
"125","CD3G","brown",0.469421479794933
"126","CCL5","brown",0.468871460326811
"127","TRAC","brown",0.465038585331427
"128","GMFG","brown",0.464651452298046
"129","HCST","brown",0.462829542063926
"130","CD53","brown",0.458233067872716
"131","GYPC","brown",0.453093455015075
"132","IKZF1","brown",0.451836973005745
"133","EVL","brown",0.446658896860356
"134","CD7","brown",0.443429047907298
"135","FYB1","brown",0.442104301890962
"136","ETS1","brown",0.441871865712867
"137","SMAP2","brown",0.439181889251187
"138","SAMSN1","brown",0.438691008123797
"139","LTB","brown",0.438093095596764
"140","NR3C1","brown",0.436383610748034
"141","GLIPR1","brown",0.434173194888003
"142","WIPF1","brown",0.431134764431894
"143","CD96","brown",0.424507651330701
"144","CLEC2D","brown",0.423802770547342
"145","RUNX3","brown",0.421475776713017
"146","TRBC1","brown",0.421142189693389
"147","KLRB1","brown",0.411950095609556
"148","RGCC","brown",0.405041862380339
"149","GNG2","brown",0.404129632599195
"150","CLEC2B","brown",0.403292131349171
"151","ACAP1","brown",0.396530956731882
"152","EMP3","brown",0.396160824576255
"153","ITM2A","brown",0.392080743537649
"154","FNBP1","brown",0.391697409343443
"155","GPR183","brown",0.390924406395071
"156","CD52","brown",0.389492943753177
"157","APBB1IP","brown",0.382568089110772
"158","RHOH","brown",0.381987476697945
"159","ITGA4","brown",0.381403166658759
"160","CST7","brown",0.380804744032549
"161","ANXA1","brown",0.378443870124941
"162","CD247","brown",0.378038284424895
"163","CELF2","brown",0.37700103269495
"164","PDE4B","brown",0.376781809466288
"165","TAGAP","brown",0.376491046221798
"166","PTGER4","brown",0.376129138654141
"167","FKBP5","brown",0.375153335509777
"168","CAMK4","brown",0.369328551954347
"169","ARHGAP9","brown",0.368183910492898
"170","EVI2A","brown",0.367200806181268
"171","HCLS1","brown",0.366952113919648
"172","FMNL1","brown",0.365170067823785
"173","CCL4","brown",0.36034519021694
"174","CORO1A","brown",0.358433265628843
"175","STAT4","brown",0.356465138130141
"176","PTPN22","brown",0.353391606119448
"177","SH2D1A","brown",0.350994523839149
"178","TGFB1","brown",0.349773884818653
"179","RNF125","brown",0.349558097262581
"180","CD6","brown",0.348673257077597
"181","RORA","brown",0.348587052880676
"182","SMCHD1","brown",0.347563583946781
"183","GZMA","brown",0.346793550742103
"184","EMB","brown",0.346422562383764
"185","LIMD2","brown",0.344925283211942
"186","RGS2","brown",0.344768464175683
"187","NKG7","brown",0.344640838660247
"188","ARHGDIB","brown",0.344490028730977
"189","ITK","brown",0.342550203314846
"190","EVI2B","brown",0.341865828216615
"191","ALOX5AP","brown",0.341149837411537
"192","ANKRD44","brown",0.339986610794897
"193","GPR171","brown",0.339919129148089
"194","RIPOR2","brown",0.33983203305524
"195","BIRC3","brown",0.336798091631256
"196","FAM107B","brown",0.334732008450451
"197","CTSW","brown",0.33455522650045
"198","TRAT1","brown",0.331767360331854
"199","LBH","brown",0.329784693712732
"200","SEPT6","brown",0.328806127763593
"201","TM4SF4","blue",0.815997312553903
"202","TACSTD2","blue",0.7545938506451
"203","KLK1","blue",0.73886810613228
"204","AL121761.2","blue",0.720971354002876
"205","GCNT3","blue",0.686195356719499
"206","XIST","blue",0.683236093595062
"207","LMO4","blue",0.673840367780141
"208","GSN","blue",0.673349393712554
"209","MAGEA3","blue",0.662756454375947
"210","TM4SF5","blue",0.662133118968212
"211","RNASE1","blue",0.659159441390796
"212","RAMP1","blue",0.645700720597006
"213","MYH14","blue",0.643075231628
"214","KRT20","blue",0.629403898716146
"215","CXCL16","blue",0.624586853072925
"216","BCAS1","blue",0.621629428904441
"217","WIPF3","blue",0.620369936708508
"218","CD55","blue",0.618318185801522
"219","FCGBP","blue",0.61601647514377
"220","REG4","blue",0.613658610363512
"221","VSIG2","blue",0.60871064588447
"222","CDC42EP5","blue",0.601941501302561
"223","MYADM","blue",0.600182545217918
"224","MFGE8","blue",0.599774533115047
"225","MUC2","blue",0.594580769623955
"226","TRNP1","blue",0.58376334890566
"227","HMCN2","blue",0.57766991404847
"228","CSAG1","blue",0.57488170213318
"229","TFF1","blue",0.573875634739798
"230","NECTIN2","blue",0.569859287793998
"231","RRAS","blue",0.562909094724973
"232","FBXO32","blue",0.560673460988023
"233","NPC1L1","blue",0.560071622068342
"234","EPS8L1","blue",0.558111165193996
"235","PSTPIP1","blue",0.551023171025217
"236","ASS1","blue",0.542799875435019
"237","MACC1","blue",0.540259208696179
"238","COL16A1","blue",0.537866234333531
"239","NPW","blue",0.537210525670059
"240","ZNF600","blue",0.536161828505464
"241","LINC01133","blue",0.532579204287843
"242","RAP2B","blue",0.530209545096462
"243","GRHL1","blue",0.527057028977655
"244","MSLN","blue",0.525153751026908
"245","FER1L6","blue",0.524675269597535
"246","CREB3L1","blue",0.523709289163261
"247","TFF3","blue",0.522572724098511
"248","ACHE","blue",0.521131358660344
"249","SPINK4","blue",0.518457891570545
"250","C15orf48","blue",0.51662617309801
"251","MBOAT2","blue",0.512346333387381
"252","RARRES1","blue",0.512188407379907
"253","RBP4","blue",0.512017504060343
"254","POU6F2","blue",0.507415436208481
"255","CDKN2B","blue",0.505534391226632
"256","TFF2","blue",0.50528944570985
"257","MAGEA1","blue",0.504415148859259
"258","FSTL3","blue",0.504088896349805
"259","PLAC8","blue",0.501577572935114
"260","ITLN1","blue",0.496005333359803
"261","ANG","blue",0.49339917923665
"262","S100A4","blue",0.492339935653769
"263","PLA2G4C","blue",0.491223874315699
"264","ZNF701","blue",0.490040488068281
"265","TMC4","blue",0.487537452073004
"266","IL13RA1","blue",0.485302041367969
"267","WDR72","blue",0.484106553832161
"268","VNN1","blue",0.479736954649629
"269","MMP14","blue",0.478080354119138
"270","CACNA1A","blue",0.473521252804813
"271","IFI6","blue",0.473339523936529
"272","WFDC2","blue",0.472078307498723
"273","JOSD2","blue",0.471438269298716
"274","CACNG8","blue",0.471267547279086
"275","GAGE1","blue",0.470951574130434
"276","KCNK6","blue",0.470755675214636
"277","INAVA","blue",0.467189944635142
"278","PTPRH","blue",0.465272758881987
"279","PBX1","blue",0.464880807359738
"280","TMCC3","blue",0.464690434975433
"281","PSCA","blue",0.464606721665201
"282","LINC01980","blue",0.464424487295801
"283","SEZ6L2","blue",0.463826514338961
"284","YES1","blue",0.46360620014275
"285","DEPP1","blue",0.462246786058752
"286","MAGEA12","blue",0.459272958559869
"287","C4BPB","blue",0.457217187183547
"288","KCNK1","blue",0.456479298031324
"289","TXNIP","blue",0.456424272451848
"290","TSPAN8","blue",0.452041523722775
"291","MUC13","blue",0.449405648776027
"292","THRB","blue",0.448979075109593
"293","TSPAN1","blue",0.448415658307105
"294","MTMR11","blue",0.44808772488336
"295","LAMB3","blue",0.447249194565001
"296","NR1H2","blue",0.446471895001033
"297","REP15","blue",0.446263727851415
"298","MIR22HG","blue",0.446039454928037
"299","ST6GALNAC1","blue",0.444366798199741
"300","FGD6","blue",0.443085244112858
"301","EEF1G","yellow",0.694058961999599
"302","ATP6V0C","yellow",0.690425450829911
"303","NME2","yellow",0.670047242621605
"304","TLE5","yellow",0.6478027852063
"305","SNHG29","yellow",0.628114445866621
"306","MICOS10","yellow",0.619960321154672
"307","DUOX2","yellow",0.618467836937167
"308","CALML4","yellow",0.601411531795181
"309","RPL17","yellow",0.598491583893821
"310","AL365226.2","yellow",0.59582552013644
"311","PCCA","yellow",0.58801137460253
"312","LINC01088","yellow",0.582658118284028
"313","NIBAN2","yellow",0.571126441349672
"314","POLD4","yellow",0.570575872128253
"315","MICOS13","yellow",0.570296620153063
"316","ST3GAL1","yellow",0.56097598689879
"317","DUOXA2","yellow",0.558286042810169
"318","EMP1","yellow",0.555396586149323
"319","GABARAP","yellow",0.551417028014835
"320","TNFRSF6B","yellow",0.547917529875457
"321","LINC01559","yellow",0.54723175292885
"322","CD24","yellow",0.544017316587039
"323","SERPINE2","yellow",0.528716445004556
"324","CIAO2B","yellow",0.520061205407776
"325","ITPRID2","yellow",0.517406032645559
"326","RPL36A","yellow",0.516303866326597
"327","ADIRF","yellow",0.513517543085729
"328","SLC40A1","yellow",0.511996016672534
"329","IGFBP2","yellow",0.511231250571353
"330","RPS17","yellow",0.510249623785604
"331","RBIS","yellow",0.509936747078388
"332","PMEPA1","yellow",0.509753620587525
"333","ECM1","yellow",0.504172530793091
"334","PHLDA1","yellow",0.502823228363857
"335","MRPS24","yellow",0.50041999865898
"336","PLCG2","yellow",0.495969583855443
"337","SPRR1B","yellow",0.492882808057805
"338","RESF1","yellow",0.490996796792856
"339","TOMM6","yellow",0.484283720940789
"340","LRATD1","yellow",0.480740777764933
"341","PI3","yellow",0.48003725041977
"342","TMEM265","yellow",0.479939466054527
"343","FABP1","yellow",0.479415613478751
"344","FAM174C","yellow",0.479304353008041
"345","AK1","yellow",0.477896518572507
"346","SEPTIN7","yellow",0.474303415342475
"347","DANCR","yellow",0.473650497115403
"348","SEPTIN2","yellow",0.467220531178196
"349","LINC00520","yellow",0.463763449112828
"350","GAS5","yellow",0.462751497034338
"351","SMIM2-AS1","yellow",0.462506477425949
"352","SNHG6","yellow",0.460700309560853
"353","CYP51A1","yellow",0.452127531020514
"354","PAX8-AS1","yellow",0.451652467617018
"355","SNHG5","yellow",0.450344197168689
"356","LEMD1","yellow",0.446135095877913
"357","SOD3","yellow",0.44577378627428
"358","DUSP5","yellow",0.442204117970457
"359","SLC7A11","yellow",0.439006110343895
"360","SERPINB5","yellow",0.435640969398387
"361","SEPTIN9","yellow",0.434282136540201
"362","AHNAK2","yellow",0.43064493014039
"363","SEPTIN10","yellow",0.429922405882848
"364","PRXL2A","yellow",0.428484916849486
"365","GALNT4","yellow",0.427135695060069
"366","SPRR2D","yellow",0.41885268487125
"367","IL10RB","yellow",0.417841519731552
"368","MUC20","yellow",0.417330509740394
"369","TRAPPC5","yellow",0.417301499765073
"370","TNFRSF11B","yellow",0.415598052169361
"371","PRSS33","yellow",0.41219889129694
"372","DHRS9","yellow",0.411862137816698
"373","GLRX","yellow",0.405010795738838
"374","LINC01578","yellow",0.402831933149223
"375","LGALS1","yellow",0.401934059884992
"376","NDUFA7","yellow",0.400396118440616
"377","ZNRD2","yellow",0.397340732653495
"378","AC104823.1","yellow",0.395287531672208
"379","SERPINA1","yellow",0.395163701119215
"380","CA12","yellow",0.394330152812633
"381","CEMIP","yellow",0.392543175054659
"382","NSMF","yellow",0.391514953881249
"383","AC004556.3","yellow",0.388787049706662
"384","CEACAM1","yellow",0.387408148051167
"385","NCBP2AS2","yellow",0.38467857137872
"386","ANTKMT","yellow",0.3802500689724
"387","TUG1","yellow",0.379077748384582
"388","UPP1","yellow",0.378585375562134
"389","CXCL1","yellow",0.376098708358623
"390","RTEL1","yellow",0.375948395793318
"391","SNHG16","yellow",0.375068460759896
"392","VSNL1","yellow",0.373910978600643
"393","GET3","yellow",0.372749336201297
"394","OIP5-AS1","yellow",0.371793860574099
"395","TOR4A","yellow",0.369782171213321
"396","CD163L1","yellow",0.365484399424785
"397","CLLU1OS","yellow",0.362687126861994
"398","DBNDD2","yellow",0.362173133095956
"399","SPRR2A","yellow",0.359936803026313
"400","AC008397.1","yellow",0.359353813333919
"401","HLA-DRA","green",0.671281892167267
"402","CD74","green",0.610493882329816
"403","TYROBP","green",0.607204184360926
"404","HLA-DPB1","green",0.597605102080184
"405","MS4A7","green",0.590715842879562
"406","HLA-DPA1","green",0.586588300939419
"407","HLA-DRB1","green",0.57383902256403
"408","AIF1","green",0.567602094758294
"409","C1QC","green",0.56600445794602
"410","FCER1G","green",0.550255648656234
"411","OLR1","green",0.547858665147911
"412","HLA-DMB","green",0.544157831718729
"413","HLA-DQB1","green",0.536972360875546
"414","HLA-DRB5","green",0.535803422048454
"415","HLA-DQA1","green",0.526252173647937
"416","FCGR3A","green",0.524434825440201
"417","C1QA","green",0.514077521310591
"418","APOE","green",0.494207598613481
"419","SPP1","green",0.481315511313392
"420","ITGB2","green",0.478734071215284
"421","CD163","green",0.47533043019463
"422","C1QB","green",0.475200202867028
"423","HLA-DMA","green",0.475054216696297
"424","CYBB","green",0.459652805138085
"425","FPR3","green",0.445302676068607
"426","MSR1","green",0.443263781048587
"427","MS4A6A","green",0.439931798919475
"428","C5AR1","green",0.43868199007238
"429","FCGR2A","green",0.433251465300678
"430","IFI30","green",0.427367278510919
"431","MS4A4A","green",0.42438189316908
"432","PLEK","green",0.420465842116433
"433","BASP1","green",0.417300609576858
"434","CLEC7A","green",0.413374978290877
"435","HLA-DQA2","green",0.410163461434116
"436","EPB41L3","green",0.40754500731239
"437","IGSF6","green",0.405126285457805
"438","LIPA","green",0.404194912304191
"439","CPVL","green",0.393810103004563
"440","FGL2","green",0.391968143491264
"441","CD14","green",0.388595290563294
"442","LY86","green",0.388303382298541
"443","C1orf162","green",0.386528281812451
"444","GPNMB","green",0.385429857798429
"445","CCL3","green",0.382555823002603
"446","SLC11A1","green",0.381618738287128
"447","SLC16A10","green",0.378595017514522
"448","C3AR1","green",0.36444383179798
"449","ZEB2","green",0.360034705745587
"450","CLEC10A","green",0.357456045174559
"451","CALHM6","green",0.350630414461965
"452","BCL2A1","green",0.347637125331004
"453","CTSB","green",0.346894665118215
"454","CCL18","green",0.346821837251918
"455","NLRP3","green",0.345092880405542
"456","AQP9","green",0.344764277162627
"457","SPI1","green",0.344525633104221
"458","NCF2","green",0.343396978558815
"459","CSF1R","green",0.342296459479513
"460","MRC1","green",0.337502396608407
"461","PHACTR1","green",0.334358450108951
"462","TLR2","green",0.333417614914616
"463","CD300A","green",0.332619023464138
"464","RAB31","green",0.332230347269683
"465","SDS","green",0.331959058770976
"466","VSIG4","green",0.329551485217389
"467","MARCO","green",0.329061512222855
"468","CCDC88A","green",0.328530932045515
"469","ITGAX","green",0.326435587463401
"470","SLC15A3","green",0.323420623469078
"471","LST1","green",0.323401311825838
"472","LILRB2","green",0.320279429082815
"473","CTSL","green",0.319666276464483
"474","LAIR1","green",0.319338725439824
"475","CCL3L1","green",0.319164860352284
"476","APOC1","green",0.317988170051778
"477","S100A9","green",0.316326717744502
"478","HSD17B14","green",0.31605649866452
"479","THBD","green",0.313457399334228
"480","HRH2","green",0.312717689694469
"481","HLA-DOA","green",0.311756073130368
"482","LILRB4","green",0.310440542674322
"483","FPR2","green",0.307075641090642
"484","MPEG1","green",0.306892182510792
"485","CD93","green",0.305552623629524
"486","TREM1","green",0.305282883003086
"487","PILRA","green",0.304836802620287
"488","MNDA","green",0.303632078971332
"489","MMP19","green",0.301120886223214
"490","TFEC","green",0.299593991909336
"491","SERPING1","green",0.296944473989425
"492","ANXA5","green",0.294942357298199
"493","FCGR1A","green",0.291305926691784
"494","CLEC4E","green",0.290079796644782
"495","IL1RN","green",0.288336870166494
"496","FPR1","green",0.287343857849809
"497","RNASE6","green",0.285228221363212
"498","FCN1","green",0.282213774922817
"499","CD86","green",0.281822501102064
"500","CSF2RA","green",0.274736233920284
"501","SH2D6","black",0.967466192265179
"502","LRMP","black",0.891764531369704
"503","TRPM5","black",0.851747731599782
"504","HCK","black",0.827430568699531
"505","PSTPIP2","black",0.773517993003907
"506","PTGS1","black",0.766651200362121
"507","BMX","black",0.757403952790268
"508","MATK","black",0.74779818390541
"509","HPGDS","black",0.72839362615452
"510","DCLK2","black",0.699551196744634
"511","SH2D7","black",0.69153542760509
"512","AVIL","black",0.688079848437581
"513","HTR3E","black",0.680775214671443
"514","B4GALNT4","black",0.666191240637816
"515","CCDC129","black",0.643722182743848
"516","SPIB","black",0.623596311749833
"517","DKK3","black",0.61739558858303
"518","GRASP","black",0.613094552106172
"519","POU2F3","black",0.572760822954943
"520","ADGRG6","black",0.553242963344305
"521","RGS13","black",0.551882990043805
"522","TAS1R3","black",0.544681044881628
"523","KIT","black",0.527264157142265
"524","GNG13","black",0.491595045631875
"525","HIP1R","black",0.451699054976753
"526","CD300LF","black",0.443005543054819
"527","IGSF21","black",0.421597560019174
"528","DPYSL3","black",0.421567149793283
"529","FCGR2B","black",0.4115444613039
"530","HOTAIRM1","black",0.379310630760858
"531","ADAMTS18","black",0.368503155067769
"532","PAK3","black",0.356978616299816
"533","CA7","black",0.341197087298276
"534","AC005920.1","black",0.337784826716176
"535","ST18","black",0.33191688272482
"536","NEFH","black",0.310215247821937
"537","CAMP","black",0.306590622078752
"538","CBFA2T3","black",0.284782492449143
"539","KRT40","black",0.261520922871144
"540","TPM1-AS","black",0.252584749058779
"541","NCAM1","black",0.248321405807596
"542","POU2AF1","black",0.244857226927579
"543","PRAME","black",0.243165308274416
"544","AC024267.1","black",0.236876815771649
"545","MCTP1","black",0.235961435853698
"546","AL021453.1","black",0.234631254554698
"547","NPTX2","black",0.234476568218293
"548","CTXND1","black",0.232634519911274
"549","NRCAM","black",0.229229689729821
"550","SPTSSB","black",0.217119677313136
"551","DEPDC7","black",0.216116008715289
"552","AC022613.1","black",0.207926305334395
"553","SLC4A4","black",0.19750542445332
"554","AC025171.3","black",0.192963080102601
"555","C12orf77","black",0.191173482322447
"556","AC007906.2","black",0.184649256445067
"557","HIST1H4F","black",0.184435881212544
"558","GNAT3","black",0.183854042945403
"559","GADD45G","black",0.181711565425133
"560","SDC2","black",0.178807025540414
"561","PTPRT","black",0.17808876650658
"562","LINC01331","black",0.177403535274403
"563","RHOU","black",0.171357799974714
"564","CACNA2D2","black",0.170218840366949
"565","HTR3C","black",0.168629823733518
"566","FOXI1","black",0.167758288019919
"567","ALKAL1","black",0.162095902351145
"568","ADRB2","black",0.161184463420498
"569","PRLHR","black",0.160329475077993
"570","AL512380.2","black",0.160023577203506
"571","AL354809.1","black",0.159108929039812
"572","HOTTIP","black",0.159027290865875
"573","CDH11","black",0.154489514599885
"574","SLC2A5","black",0.151655566188067
"575","MYEF2","black",0.149562764762041
"576","LY6H","black",0.147574148072093
"577","INSM1","black",0.147343308405722
"578","TBX2-AS1","black",0.146328454884398
"579","COL4A4","black",0.145464668229907
"580","SYT12","black",0.145014233777964
"581","TPM2","black",0.143332727172048
"582","LINC02076","black",0.137377148719441
"583","AC090241.3","black",0.134337035649725
"584","COL6A6","black",0.132698130051811
"585","ZNF804A","black",0.130673690573051
"586","RNF144B","black",0.128158776596618
"587","HIST1H2AK","black",0.127533882701106
"588","SUCNR1","black",0.12343371244984
"589","CPB1","black",0.117741202525155
"590","AC010542.4","black",0.117189700007541
"591","PLA2G4D","black",0.115714997074334
"592","AC147651.4","black",0.111174431892628
"593","AC064805.1","black",0.110313985813924
"594","SERPINI1","black",0.10297557409585
"595","IL23R","black",0.0990108787561687
"596","LRRN2","black",0.0968809960691958
"597","SERPINA11","black",0.0841188100568878
"598","RGS21","black",0.0841188100568878
"599","POU3F1","black",0.0709446578053173
"600","LINC00964","black",0.0643464966594603
"601","TPX2","red",0.657177868478526
"602","TOP2A","red",0.649499567845786
"603","CENPF","red",0.638864311126917
"604","BIRC5","red",0.631034154129724
"605","UBE2C","red",0.618374143872525
"606","HMGB2","red",0.585357351142232
"607","CDKN3","red",0.579439368251398
"608","MKI67","red",0.569932691357123
"609","PTTG1","red",0.560727476657574
"610","ATAD2","red",0.557677648343599
"611","SMC4","red",0.55255629637871
"612","MAD2L1","red",0.550793393174813
"613","ASPM","red",0.543996044043052
"614","CDC20","red",0.543863920540612
"615","CEP55","red",0.523566252432951
"616","NUSAP1","red",0.522654044776371
"617","CCNA2","red",0.520280488479321
"618","CCNB2","red",0.518759676878324
"619","CKS1B","red",0.518321795186634
"620","CCNB1","red",0.516551910556066
"621","CDK1","red",0.514697723893577
"622","MYBL2","red",0.511791857144151
"623","NUF2","red",0.506822098673863
"624","AURKB","red",0.506291322197708
"625","SMC2","red",0.504628693950336
"626","UBE2T","red",0.504264117466247
"627","DLGAP5","red",0.498416528684193
"628","ZWINT","red",0.494768430018035
"629","TYMS","red",0.491360850221456
"630","KIF20B","red",0.489342475828333
"631","CENPW","red",0.486589048293334
"632","GTSE1","red",0.483735269210847
"633","KIFC1","red",0.481005055712744
"634","PRR11","red",0.480479287060303
"635","CKAP2L","red",0.478906639838488
"636","KIF23","red",0.47823928576668
"637","PCLAF","red",0.476656971490307
"638","HMMR","red",0.47630806440027
"639","HJURP","red",0.473853347438013
"640","RRM2","red",0.471287991261272
"641","DEPDC1","red",0.470753397728623
"642","TK1","red",0.466616942524572
"643","KIF11","red",0.4634443681508
"644","SGO1","red",0.459756479494023
"645","CENPE","red",0.459021996786011
"646","FOXM1","red",0.458368929367364
"647","KIF4A","red",0.457681997061854
"648","PLK1","red",0.45675760691302
"649","RAD51AP1","red",0.45667666403397
"650","PBK","red",0.453173896820099
"651","CDCA8","red",0.451249012986321
"652","MND1","red",0.450295902075419
"653","RACGAP1","red",0.442653956366292
"654","CENPK","red",0.442349145754006
"655","KIF2C","red",0.441217292914049
"656","NCAPG","red",0.441178900546034
"657","NEK2","red",0.439471924269093
"658","DSCC1","red",0.438847286880181
"659","SKA3","red",0.438682084282623
"660","BRCA2","red",0.438615532179881
"661","BRCA1","red",0.437003193142366
"662","TROAP","red",0.436843249243547
"663","SGO2","red",0.433972864339605
"664","KIF15","red",0.430218072056548
"665","DIAPH3","red",0.429594009520268
"666","CKAP2","red",0.428334056260133
"667","CLSPN","red",0.426963921766214
"668","CENPA","red",0.426843808984994
"669","CDT1","red",0.422604141676832
"670","CDCA3","red",0.419379302224688
"671","ORC6","red",0.419089163779739
"672","BUB1","red",0.418894685877582
"673","LMNB1","red",0.417601997318908
"674","TACC3","red",0.417036208420407
"675","TTK","red",0.416748253330008
"676","SPC25","red",0.416566731752099
"677","NDC80","red",0.415767205342613
"678","ASF1B","red",0.412948850971189
"679","ARHGAP11A","red",0.412037804680492
"680","CDCA5","red",0.410370372955238
"681","KNL1","red",0.40683578501987
"682","ANLN","red",0.405044731534252
"683","FEN1","red",0.399953457974264
"684","CENPM","red",0.393037487921609
"685","CIP2A","red",0.390817285760291
"686","CENPU","red",0.38812522736756
"687","NCAPG2","red",0.385264506537172
"688","POC1A","red",0.384250113538748
"689","ECT2","red",0.383206539291502
"690","KIF14","red",0.381123118338189
"691","NCAPD2","red",0.379659722179227
"692","ESCO2","red",0.377508739130161
"693","AURKA","red",0.376044006902564
"694","HIST1H4C","red",0.375318562361002
"695","PRC1","red",0.373859963636053
"696","PIMREG","red",0.37372960379064
"697","FAM111B","red",0.372020454634013
"698","SPAG5","red",0.370689424608161
"699","RFC3","red",0.364873671891065
"700","NCAPH","red",0.362302127439268
